temperature,pressure,specific_volume,specific_internal_energy,specific_enthalpy,specific_entropy,temperature$uncertainty,pressure$uncertainty,specific_volume$uncertainty,specific_internal_energy$uncertainty,specific_enthalpy$uncertainty,specific_entropy$uncertainty,$citation
537.0899999999999,5000000.0,0.0012862,1148100.0,1154500.0,2920.7000000000003,0.0,0.0,0.00014424999999999996,574030.0,574735.0,1460.3000000000002,"Yunus A. Çengel and Michael A. Boles, Thermodynamics: An Engineering Approach, McGraw-Hill. Appendix 1, Table A-7. [https://www.slaythepe.com/uploads/7/2/3/9/72392189/appendix1_siunits_1.pdf]"
273.15,5000000.0,0.0009977,40.0,5030.0,0.1,0.0,0.0,9.49999999999996e-07,41785.0,41790.0,147.64999999999998,"Yunus A. Çengel and Michael A. Boles, Thermodynamics: An Engineering Approach, McGraw-Hill. Appendix 1, Table A-7. [https://www.slaythepe.com/uploads/7/2/3/9/72392189/appendix1_siunits_1.pdf]"
293.15,5000000.0,0.0009996,83610.0,88610.0,295.4,0.0,0.0,9.49999999999996e-07,41655.0,41670.0,137.55,"Yunus A. Çengel and Michael A. Boles, Thermodynamics: An Engineering Approach, McGraw-Hill. Appendix 1, Table A-7. [https://www.slaythepe.com/uploads/7/2/3/9/72392189/appendix1_siunits_1.pdf]"
313.15,5000000.0,0.0010057,166920.0,171950.0,570.5,0.0,0.0,3.049999999999993e-06,41655.0,41670.0,129.10000000000002,"Yunus A. Çengel and Michael A. Boles, Thermodynamics: An Engineering Approach, McGraw-Hill. Appendix 1, Table A-7. [https://www.slaythepe.com/uploads/7/2/3/9/72392189/appendix1_siunits_1.pdf]"
333.15,5000000.0,0.0010149,250290.0,255360.0,828.7,0.0,0.0,4.600000000000003e-06,41685.0,41705.0,121.79999999999995,"Yunus A. Çengel and Michael A. Boles, Thermodynamics: An Engineering Approach, McGraw-Hill. Appendix 1, Table A-7. [https://www.slaythepe.com/uploads/7/2/3/9/72392189/appendix1_siunits_1.pdf]"
353.15,5000000.0,0.0010267,333820.0,338960.0,1072.3,0.0,0.0,5.899999999999981e-06,41765.0,41800.0,115.54999999999995,"Yunus A. Çengel and Michael A. Boles, Thermodynamics: An Engineering Approach, McGraw-Hill. Appendix 1, Table A-7. [https://www.slaythepe.com/uploads/7/2/3/9/72392189/appendix1_siunits_1.pdf]"
373.15,5000000.0,0.001041,417650.0,422850.0,1303.3999999999999,0.0,0.0,7.150000000000038e-06,41915.0,41945.0,110.10000000000014,"Yunus A. Çengel and Michael A. Boles, Thermodynamics: An Engineering Approach, McGraw-Hill. Appendix 1, Table A-7. [https://www.slaythepe.com/uploads/7/2/3/9/72392189/appendix1_siunits_1.pdf]"
393.15,5000000.0,0.0010576,501910.0,507190.0,1523.6000000000001,0.0,0.0,8.29999999999993e-06,42130.0,42170.0,105.39999999999986,"Yunus A. Çengel and Michael A. Boles, Thermodynamics: An Engineering Approach, McGraw-Hill. Appendix 1, Table A-7. [https://www.slaythepe.com/uploads/7/2/3/9/72392189/appendix1_siunits_1.pdf]"
413.15,5000000.0,0.0010769,586800.0,592180.0,1734.3999999999999,0.0,0.0,9.650000000000045e-06,42445.0,42495.0,101.50000000000011,"Yunus A. Çengel and Michael A. Boles, Thermodynamics: An Engineering Approach, McGraw-Hill. Appendix 1, Table A-7. [https://www.slaythepe.com/uploads/7/2/3/9/72392189/appendix1_siunits_1.pdf]"
433.15,5000000.0,0.0010988,672550.0,678040.0,1937.4,0.0,0.0,1.0950000000000022e-05,42875.0,42930.0,98.19999999999982,"Yunus A. Çengel and Michael A. Boles, Thermodynamics: An Engineering Approach, McGraw-Hill. Appendix 1, Table A-7. [https://www.slaythepe.com/uploads/7/2/3/9/72392189/appendix1_siunits_1.pdf]"
453.15,5000000.0,0.001124,759470.0,765090.0,2133.7999999999997,0.0,0.0,1.2599999999999981e-05,43460.0,43525.0,95.65000000000009,"Yunus A. Çengel and Michael A. Boles, Thermodynamics: An Engineering Approach, McGraw-Hill. Appendix 1, Table A-7. [https://www.slaythepe.com/uploads/7/2/3/9/72392189/appendix1_siunits_1.pdf]"
473.15,5000000.0,0.0011531,847920.0,853680.0,2325.1,0.0,0.0,1.4550000000000001e-05,44225.0,44295.0,93.80000000000018,"Yunus A. Çengel and Michael A. Boles, Thermodynamics: An Engineering Approach, McGraw-Hill. Appendix 1, Table A-7. [https://www.slaythepe.com/uploads/7/2/3/9/72392189/appendix1_siunits_1.pdf]"
493.15,5000000.0,0.0011868,938390.0,944320.0,2512.7000000000003,0.0,0.0,1.6850000000000003e-05,45235.0,45320.0,92.79999999999995,"Yunus A. Çengel and Michael A. Boles, Thermodynamics: An Engineering Approach, McGraw-Hill. Appendix 1, Table A-7. [https://www.slaythepe.com/uploads/7/2/3/9/72392189/appendix1_siunits_1.pdf]"
513.15,5000000.0,0.0012268,1031599.9999999999,1037700.0,2698.3,0.0,0.0,1.9999999999999944e-05,46604.99999999994,46690.0,92.79999999999995,"Yunus A. Çengel and Michael A. Boles, Thermodynamics: An Engineering Approach, McGraw-Hill. Appendix 1, Table A-7. [https://www.slaythepe.com/uploads/7/2/3/9/72392189/appendix1_siunits_1.pdf]"
533.15,5000000.0,0.0012755,1128500.0,1134900.0,2884.1,0.0,0.0,2.4350000000000023e-05,48450.00000000006,48600.0,92.89999999999986,"Yunus A. Çengel and Michael A. Boles, Thermodynamics: An Engineering Approach, McGraw-Hill. Appendix 1, Table A-7. [https://www.slaythepe.com/uploads/7/2/3/9/72392189/appendix1_siunits_1.pdf]"
584.15,10000000.0,0.0014522,1393300.0,1407900.0,3360.3,0.0,0.0,8.835000000000006e-05,132400.0,136500.0,238.10000000000014,"Yunus A. Çengel and Michael A. Boles, Thermodynamics: An Engineering Approach, McGraw-Hill. Appendix 1, Table A-7. [https://www.slaythepe.com/uploads/7/2/3/9/72392189/appendix1_siunits_1.pdf]"
273.15,10000000.0,0.0009952,120.0,10070.0,0.3,0.0,0.0,1.0500000000000526e-06,41595.0,41605.0,147.0,"Yunus A. Çengel and Michael A. Boles, Thermodynamics: An Engineering Approach, McGraw-Hill. Appendix 1, Table A-7. [https://www.slaythepe.com/uploads/7/2/3/9/72392189/appendix1_siunits_1.pdf]"
293.15,10000000.0,0.0009973,83310.0,93280.0,294.3,0.0,0.0,1.0500000000000526e-06,41510.0,41545.0,137.1,"Yunus A. Çengel and Michael A. Boles, Thermodynamics: An Engineering Approach, McGraw-Hill. Appendix 1, Table A-7. [https://www.slaythepe.com/uploads/7/2/3/9/72392189/appendix1_siunits_1.pdf]"
313.15,10000000.0,0.0010035,166330.0,176370.0,568.5,0.0,0.0,3.100000000000021e-06,41510.0,41545.0,128.75,"Yunus A. Çengel and Michael A. Boles, Thermodynamics: An Engineering Approach, McGraw-Hill. Appendix 1, Table A-7. [https://www.slaythepe.com/uploads/7/2/3/9/72392189/appendix1_siunits_1.pdf]"
333.15,10000000.0,0.0010127,249430.0,259550.0,826.0,0.0,0.0,4.600000000000003e-06,41550.0,41590.0,121.54999999999995,"Yunus A. Çengel and Michael A. Boles, Thermodynamics: An Engineering Approach, McGraw-Hill. Appendix 1, Table A-7. [https://www.slaythepe.com/uploads/7/2/3/9/72392189/appendix1_siunits_1.pdf]"
353.15,10000000.0,0.0010244,332690.0,342940.0,1069.1,0.0,0.0,5.8499999999999525e-06,41630.0,41695.0,115.25000000000011,"Yunus A. Çengel and Michael A. Boles, Thermodynamics: An Engineering Approach, McGraw-Hill. Appendix 1, Table A-7. [https://www.slaythepe.com/uploads/7/2/3/9/72392189/appendix1_siunits_1.pdf]"
373.15,10000000.0,0.0010385,416230.0,426620.0,1299.6000000000001,0.0,0.0,7.049999999999982e-06,41770.0,41840.0,109.74999999999989,"Yunus A. Çengel and Michael A. Boles, Thermodynamics: An Engineering Approach, McGraw-Hill. Appendix 1, Table A-7. [https://www.slaythepe.com/uploads/7/2/3/9/72392189/appendix1_siunits_1.pdf]"
393.15,10000000.0,0.0010549,500180.0,510730.0,1519.1,0.0,0.0,8.199999999999982e-06,41975.0,42055.0,105.10000000000002,"Yunus A. Çengel and Michael A. Boles, Thermodynamics: An Engineering Approach, McGraw-Hill. Appendix 1, Table A-7. [https://www.slaythepe.com/uploads/7/2/3/9/72392189/appendix1_siunits_1.pdf]"
413.15,10000000.0,0.0010738,584720.0,595450.0,1729.3,0.0,0.0,9.45000000000004e-06,42270.0,42360.0,101.14999999999998,"Yunus A. Çengel and Michael A. Boles, Thermodynamics: An Engineering Approach, McGraw-Hill. Appendix 1, Table A-7. [https://www.slaythepe.com/uploads/7/2/3/9/72392189/appendix1_siunits_1.pdf]"
433.15,10000000.0,0.0010954,670060.0,681010.0,1931.6,0.0,0.0,1.0800000000000046e-05,42670.0,42780.0,97.75,"Yunus A. Çengel and Michael A. Boles, Thermodynamics: An Engineering Approach, McGraw-Hill. Appendix 1, Table A-7. [https://www.slaythepe.com/uploads/7/2/3/9/72392189/appendix1_siunits_1.pdf]"
453.15,10000000.0,0.00112,756480.0,767680.0,2127.1,0.0,0.0,1.229999999999992e-05,43210.0,43335.0,95.15000000000009,"Yunus A. Çengel and Michael A. Boles, Thermodynamics: An Engineering Approach, McGraw-Hill. Appendix 1, Table A-7. [https://www.slaythepe.com/uploads/7/2/3/9/72392189/appendix1_siunits_1.pdf]"
473.15,10000000.0,0.0011482,844320.0,855800.0,2317.4,0.0,0.0,1.4100000000000072e-05,43920.0,44060.0,93.14999999999986,"Yunus A. Çengel and Michael A. Boles, Thermodynamics: An Engineering Approach, McGraw-Hill. Appendix 1, Table A-7. [https://www.slaythepe.com/uploads/7/2/3/9/72392189/appendix1_siunits_1.pdf]"
493.15,10000000.0,0.0011809,934010.0,945820.0,2503.7,0.0,0.0,1.6349999999999937e-05,44845.0,45010.0,91.95000000000027,"Yunus A. Çengel and Michael A. Boles, Thermodynamics: An Engineering Approach, McGraw-Hill. Appendix 1, Table A-7. [https://www.slaythepe.com/uploads/7/2/3/9/72392189/appendix1_siunits_1.pdf]"
513.15,10000000.0,0.0012192,1026200.0,1038300.0,2687.6000000000004,0.0,0.0,1.9150000000000005e-05,46095.0,46240.0,91.69999999999982,"Yunus A. Çengel and Michael A. Boles, Thermodynamics: An Engineering Approach, McGraw-Hill. Appendix 1, Table A-7. [https://www.slaythepe.com/uploads/7/2/3/9/72392189/appendix1_siunits_1.pdf]"
533.15,10000000.0,0.0012653,1121600.0,1134300.0,2871.0,0.0,0.0,2.3050000000000045e-05,47700.0,48000.0,91.69999999999982,"Yunus A. Çengel and Michael A. Boles, Thermodynamics: An Engineering Approach, McGraw-Hill. Appendix 1, Table A-7. [https://www.slaythepe.com/uploads/7/2/3/9/72392189/appendix1_siunits_1.pdf]"
553.15,10000000.0,0.0013226,1221800.0,1235000.0,3056.5,0.0,0.0,2.8649999999999965e-05,50100.0,50350.0,92.75,"Yunus A. Çengel and Michael A. Boles, Thermodynamics: An Engineering Approach, McGraw-Hill. Appendix 1, Table A-7. [https://www.slaythepe.com/uploads/7/2/3/9/72392189/appendix1_siunits_1.pdf]"
573.15,10000000.0,0.001398,1329400.0,1343300.0,3248.8,0.0,0.0,3.7699999999999995e-05,53800.0,54150.0,96.15000000000009,"Yunus A. Çengel and Michael A. Boles, Thermodynamics: An Engineering Approach, McGraw-Hill. Appendix 1, Table A-7. [https://www.slaythepe.com/uploads/7/2/3/9/72392189/appendix1_siunits_1.pdf]"
615.31,15000000.0,0.0016572,1585500.0,1610300.0,3684.8,0.0,0.0,0.0001296,128050.0,133500.0,218.0,"Yunus A. Çengel and Michael A. Boles, Thermodynamics: An Engineering Approach, McGraw-Hill. Appendix 1, Table A-7. [https://www.slaythepe.com/uploads/7/2/3/9/72392189/appendix1_siunits_1.pdf]"
273.15,15000000.0,0.0009928,180.0,15070.0,0.4,0.0,0.0,1.1500000000000008e-06,41415.0,41430.0,146.4,"Yunus A. Çengel and Michael A. Boles, Thermodynamics: An Engineering Approach, McGraw-Hill. Appendix 1, Table A-7. [https://www.slaythepe.com/uploads/7/2/3/9/72392189/appendix1_siunits_1.pdf]"
293.15,15000000.0,0.0009951,83010.0,97930.0,293.2,0.0,0.0,1.1500000000000008e-06,41370.0,41420.0,136.70000000000002,"Yunus A. Çengel and Michael A. Boles, Thermodynamics: An Engineering Approach, McGraw-Hill. Appendix 1, Table A-7. [https://www.slaythepe.com/uploads/7/2/3/9/72392189/appendix1_siunits_1.pdf]"
313.15,15000000.0,0.0010013,165750.0,180770.0,566.6,0.0,0.0,3.100000000000021e-06,41370.0,41420.0,128.39999999999998,"Yunus A. Çengel and Michael A. Boles, Thermodynamics: An Engineering Approach, McGraw-Hill. Appendix 1, Table A-7. [https://www.slaythepe.com/uploads/7/2/3/9/72392189/appendix1_siunits_1.pdf]"
333.15,15000000.0,0.0010105,248580.0,263740.0,823.4,0.0,0.0,4.599999999999895e-06,41415.0,41485.0,121.25000000000006,"Yunus A. Çengel and Michael A. Boles, Thermodynamics: An Engineering Approach, McGraw-Hill. Appendix 1, Table A-7. [https://www.slaythepe.com/uploads/7/2/3/9/72392189/appendix1_siunits_1.pdf]"
353.15,15000000.0,0.0010221,331590.0,346920.0,1065.9,0.0,0.0,5.8000000000000326e-06,41505.0,41590.0,114.94999999999993,"Yunus A. Çengel and Michael A. Boles, Thermodynamics: An Engineering Approach, McGraw-Hill. Appendix 1, Table A-7. [https://www.slaythepe.com/uploads/7/2/3/9/72392189/appendix1_siunits_1.pdf]"
373.15,15000000.0,0.0010361,414850.0,430390.0,1295.8,0.0,0.0,7.000000000000062e-06,41630.0,41735.0,109.5,"Yunus A. Çengel and Michael A. Boles, Thermodynamics: An Engineering Approach, McGraw-Hill. Appendix 1, Table A-7. [https://www.slaythepe.com/uploads/7/2/3/9/72392189/appendix1_siunits_1.pdf]"
393.15,15000000.0,0.0010522,498500.0,514280.0,1514.8,0.0,0.0,8.050000000000006e-06,41825.0,41945.0,104.75,"Yunus A. Çengel and Michael A. Boles, Thermodynamics: An Engineering Approach, McGraw-Hill. Appendix 1, Table A-7. [https://www.slaythepe.com/uploads/7/2/3/9/72392189/appendix1_siunits_1.pdf]"
413.15,15000000.0,0.0010708,582690.0,598750.0,1724.3,0.0,0.0,9.299999999999955e-06,42095.0,42235.0,100.79999999999995,"Yunus A. Çengel and Michael A. Boles, Thermodynamics: An Engineering Approach, McGraw-Hill. Appendix 1, Table A-7. [https://www.slaythepe.com/uploads/7/2/3/9/72392189/appendix1_siunits_1.pdf]"
433.15,15000000.0,0.001092,667630.0,684010.0,1925.8999999999999,0.0,0.0,1.060000000000004e-05,42470.0,42630.0,97.35000000000002,"Yunus A. Çengel and Michael A. Boles, Thermodynamics: An Engineering Approach, McGraw-Hill. Appendix 1, Table A-7. [https://www.slaythepe.com/uploads/7/2/3/9/72392189/appendix1_siunits_1.pdf]"
453.15,15000000.0,0.001116,753580.0,770320.0,2120.6,0.0,0.0,1.1999999999999966e-05,42975.0,43155.0,94.70000000000005,"Yunus A. Çengel and Michael A. Boles, Thermodynamics: An Engineering Approach, McGraw-Hill. Appendix 1, Table A-7. [https://www.slaythepe.com/uploads/7/2/3/9/72392189/appendix1_siunits_1.pdf]"
473.15,15000000.0,0.0011435,840840.0,858000.0,2310.0,0.0,0.0,1.3749999999999982e-05,43630.0,43840.0,92.54999999999995,"Yunus A. Çengel and Michael A. Boles, Thermodynamics: An Engineering Approach, McGraw-Hill. Appendix 1, Table A-7. [https://www.slaythepe.com/uploads/7/2/3/9/72392189/appendix1_siunits_1.pdf]"
493.15,15000000.0,0.0011752,929810.0,947430.0,2495.1,0.0,0.0,1.584999999999998e-05,44485.0,44715.0,91.15000000000009,"Yunus A. Çengel and Michael A. Boles, Thermodynamics: An Engineering Approach, McGraw-Hill. Appendix 1, Table A-7. [https://www.slaythepe.com/uploads/7/2/3/9/72392189/appendix1_siunits_1.pdf]"
513.15,15000000.0,0.0012121,1021000.0,1039200.0,2677.4,0.0,0.0,1.8450000000000042e-05,45595.0,45885.0,90.59999999999991,"Yunus A. Çengel and Michael A. Boles, Thermodynamics: An Engineering Approach, McGraw-Hill. Appendix 1, Table A-7. [https://www.slaythepe.com/uploads/7/2/3/9/72392189/appendix1_siunits_1.pdf]"
533.15,15000000.0,0.001256,1115100.0,1134000.0,2858.6,0.0,0.0,2.1949999999999964e-05,47050.0,47400.0,90.59999999999991,"Yunus A. Çengel and Michael A. Boles, Thermodynamics: An Engineering Approach, McGraw-Hill. Appendix 1, Table A-7. [https://www.slaythepe.com/uploads/7/2/3/9/72392189/appendix1_siunits_1.pdf]"
553.15,15000000.0,0.0013096,1213400.0,1233000.0,3041.0,0.0,0.0,2.68e-05,49150.0,49500.0,91.20000000000005,"Yunus A. Çengel and Michael A. Boles, Thermodynamics: An Engineering Approach, McGraw-Hill. Appendix 1, Table A-7. [https://www.slaythepe.com/uploads/7/2/3/9/72392189/appendix1_siunits_1.pdf]"
573.15,15000000.0,0.0013783,1317600.0,1338300.0,3227.9,0.0,0.0,3.435000000000005e-05,52100.0,52650.0,93.45000000000005,"Yunus A. Çengel and Michael A. Boles, Thermodynamics: An Engineering Approach, McGraw-Hill. Appendix 1, Table A-7. [https://www.slaythepe.com/uploads/7/2/3/9/72392189/appendix1_siunits_1.pdf]"
593.15,15000000.0,0.0014733,1431900.0,1454000.0,3426.2999999999997,0.0,0.0,4.7500000000000016e-05,57150.0,57850.0,99.19999999999982,"Yunus A. Çengel and Michael A. Boles, Thermodynamics: An Engineering Approach, McGraw-Hill. Appendix 1, Table A-7. [https://www.slaythepe.com/uploads/7/2/3/9/72392189/appendix1_siunits_1.pdf]"
613.15,15000000.0,0.0016311,1567900.0,1592400.0,3655.5,0.0,0.0,7.889999999999991e-05,68000.0,69200.0,114.60000000000014,"Yunus A. Çengel and Michael A. Boles, Thermodynamics: An Engineering Approach, McGraw-Hill. Appendix 1, Table A-7. [https://www.slaythepe.com/uploads/7/2/3/9/72392189/appendix1_siunits_1.pdf]"
638.9,20000000.0,0.0020378,1785800.0,1826600.0,4014.6,0.0,0.0,0.00020335000000000015,108950.0,117100.0,179.54999999999995,"Yunus A. Çengel and Michael A. Boles, Thermodynamics: An Engineering Approach, McGraw-Hill. Appendix 1, Table A-7. [https://www.slaythepe.com/uploads/7/2/3/9/72392189/appendix1_siunits_1.pdf]"
273.15,20000000.0,0.0009904,230.0,20030.0,0.5,0.0,0.0,1.249999999999949e-06,41240.0,41270.0,145.8,"Yunus A. Çengel and Michael A. Boles, Thermodynamics: An Engineering Approach, McGraw-Hill. Appendix 1, Table A-7. [https://www.slaythepe.com/uploads/7/2/3/9/72392189/appendix1_siunits_1.pdf]"
293.15,20000000.0,0.0009929,82710.0,102570.0,292.1,0.0,0.0,1.249999999999949e-06,41230.0,41270.0,136.25,"Yunus A. Çengel and Michael A. Boles, Thermodynamics: An Engineering Approach, McGraw-Hill. Appendix 1, Table A-7. [https://www.slaythepe.com/uploads/7/2/3/9/72392189/appendix1_siunits_1.pdf]"
313.15,20000000.0,0.0009992,165170.0,185160.0,564.6,0.0,0.0,3.1500000000000495e-06,41230.0,41295.0,128.09999999999997,"Yunus A. Çengel and Michael A. Boles, Thermodynamics: An Engineering Approach, McGraw-Hill. Appendix 1, Table A-7. [https://www.slaythepe.com/uploads/7/2/3/9/72392189/appendix1_siunits_1.pdf]"
333.15,20000000.0,0.0010084,247750.0,267920.0,820.8,0.0,0.0,4.600000000000003e-06,41290.0,41380.0,120.95000000000005,"Yunus A. Çengel and Michael A. Boles, Thermodynamics: An Engineering Approach, McGraw-Hill. Appendix 1, Table A-7. [https://www.slaythepe.com/uploads/7/2/3/9/72392189/appendix1_siunits_1.pdf]"
353.15,20000000.0,0.0010199,330500.0,350900.0,1062.7,0.0,0.0,5.750000000000004e-06,41375.0,41490.0,114.64999999999998,"Yunus A. Çengel and Michael A. Boles, Thermodynamics: An Engineering Approach, McGraw-Hill. Appendix 1, Table A-7. [https://www.slaythepe.com/uploads/7/2/3/9/72392189/appendix1_siunits_1.pdf]"
373.15,20000000.0,0.0010337,413500.0,434170.0,1292.0,0.0,0.0,6.900000000000005e-06,41500.0,41635.0,109.25,"Yunus A. Çengel and Michael A. Boles, Thermodynamics: An Engineering Approach, McGraw-Hill. Appendix 1, Table A-7. [https://www.slaythepe.com/uploads/7/2/3/9/72392189/appendix1_siunits_1.pdf]"
393.15,20000000.0,0.0010496,496850.0,517840.00000000006,1510.5,0.0,0.0,7.94999999999995e-06,41675.0,41835.00000000003,104.45000000000005,"Yunus A. Çengel and Michael A. Boles, Thermodynamics: An Engineering Approach, McGraw-Hill. Appendix 1, Table A-7. [https://www.slaythepe.com/uploads/7/2/3/9/72392189/appendix1_siunits_1.pdf]"
413.15,20000000.0,0.0010679,580710.0,602070.0,1719.4,0.0,0.0,9.150000000000087e-06,41930.0,42114.99999999997,100.44999999999993,"Yunus A. Çengel and Michael A. Boles, Thermodynamics: An Engineering Approach, McGraw-Hill. Appendix 1, Table A-7. [https://www.slaythepe.com/uploads/7/2/3/9/72392189/appendix1_siunits_1.pdf]"
433.15,20000000.0,0.0010886,665280.0,687050.0,1920.3,0.0,0.0,1.03499999999999e-05,42285.0,42490.0,97.00000000000011,"Yunus A. Çengel and Michael A. Boles, Thermodynamics: An Engineering Approach, McGraw-Hill. Appendix 1, Table A-7. [https://www.slaythepe.com/uploads/7/2/3/9/72392189/appendix1_siunits_1.pdf]"
453.15,20000000.0,0.0011122,750780.0,773020.0,2114.3,0.0,0.0,1.180000000000007e-05,42750.0,42985.0,94.20000000000005,"Yunus A. Çengel and Michael A. Boles, Thermodynamics: An Engineering Approach, McGraw-Hill. Appendix 1, Table A-7. [https://www.slaythepe.com/uploads/7/2/3/9/72392189/appendix1_siunits_1.pdf]"
473.15,20000000.0,0.001139,837490.0,860270.0,2302.7000000000003,0.0,0.0,1.34e-05,43355.0,43625.0,91.99999999999977,"Yunus A. Çengel and Michael A. Boles, Thermodynamics: An Engineering Approach, McGraw-Hill. Appendix 1, Table A-7. [https://www.slaythepe.com/uploads/7/2/3/9/72392189/appendix1_siunits_1.pdf]"
493.15,20000000.0,0.0011697,925770.0,949160.0,2486.7,0.0,0.0,1.535000000000002e-05,44140.0,44445.0,90.45000000000027,"Yunus A. Çengel and Michael A. Boles, Thermodynamics: An Engineering Approach, McGraw-Hill. Appendix 1, Table A-7. [https://www.slaythepe.com/uploads/7/2/3/9/72392189/appendix1_siunits_1.pdf]"
513.15,20000000.0,0.0012053,1016100.0,1040200.0,2667.6000000000004,0.0,0.0,1.78e-05,45165.0,45520.0,89.64999999999986,"Yunus A. Çengel and Michael A. Boles, Thermodynamics: An Engineering Approach, McGraw-Hill. Appendix 1, Table A-7. [https://www.slaythepe.com/uploads/7/2/3/9/72392189/appendix1_siunits_1.pdf]"
533.15,20000000.0,0.0012472,1109000.0,1134000.0,2846.9,0.0,0.0,2.094999999999994e-05,46450.0,46900.0,89.64999999999986,"Yunus A. Çengel and Michael A. Boles, Thermodynamics: An Engineering Approach, McGraw-Hill. Appendix 1, Table A-7. [https://www.slaythepe.com/uploads/7/2/3/9/72392189/appendix1_siunits_1.pdf]"
553.15,20000000.0,0.0012978,1205600.0,1231500.0,3026.5,0.0,0.0,2.530000000000002e-05,48300.0,48750.0,89.79999999999995,"Yunus A. Çengel and Michael A. Boles, Thermodynamics: An Engineering Approach, McGraw-Hill. Appendix 1, Table A-7. [https://www.slaythepe.com/uploads/7/2/3/9/72392189/appendix1_siunits_1.pdf]"
573.15,20000000.0,0.0013611,1307200.0,1334400.0,3209.1,0.0,0.0,3.165000000000004e-05,50800.0,51450.0,91.29999999999995,"Yunus A. Çengel and Michael A. Boles, Thermodynamics: An Engineering Approach, McGraw-Hill. Appendix 1, Table A-7. [https://www.slaythepe.com/uploads/7/2/3/9/72392189/appendix1_siunits_1.pdf]"
593.15,20000000.0,0.001445,1416600.0,1445500.0,3399.6,0.0,0.0,4.195000000000002e-05,54700.0,55550.0,95.25,"Yunus A. Çengel and Michael A. Boles, Thermodynamics: An Engineering Approach, McGraw-Hill. Appendix 1, Table A-7. [https://www.slaythepe.com/uploads/7/2/3/9/72392189/appendix1_siunits_1.pdf]"
613.15,20000000.0,0.0015693,1540200.0,1571600.0,3608.6,0.0,0.0,6.214999999999997e-05,61800.0,63050.0,104.5,"Yunus A. Çengel and Michael A. Boles, Thermodynamics: An Engineering Approach, McGraw-Hill. Appendix 1, Table A-7. [https://www.slaythepe.com/uploads/7/2/3/9/72392189/appendix1_siunits_1.pdf]"
633.15,20000000.0,0.0018248,1703600.0,1740100.0,3878.7,0.0,0.0,0.00012774999999999993,81700.0,84250.0,135.04999999999995,"Yunus A. Çengel and Michael A. Boles, Thermodynamics: An Engineering Approach, McGraw-Hill. Appendix 1, Table A-7. [https://www.slaythepe.com/uploads/7/2/3/9/72392189/appendix1_siunits_1.pdf]"
273.15,30000000.0,0.0009857,290.0,29860.0,0.3,0.0,0.0,1.4500000000000624e-06,40910.0,40955.0,144.7,"Yunus A. Çengel and Michael A. Boles, Thermodynamics: An Engineering Approach, McGraw-Hill. Appendix 1, Table A-7. [https://www.slaythepe.com/uploads/7/2/3/9/72392189/appendix1_siunits_1.pdf]"
293.15,30000000.0,0.0009886,82110.0,111770.0,289.7,0.0,0.0,1.4500000000000624e-06,40910.0,40955.0,135.49999999999997,"Yunus A. Çengel and Michael A. Boles, Thermodynamics: An Engineering Approach, McGraw-Hill. Appendix 1, Table A-7. [https://www.slaythepe.com/uploads/7/2/3/9/72392189/appendix1_siunits_1.pdf]"
313.15,30000000.0,0.0009951,164050.0,193900.0,560.6999999999999,0.0,0.0,3.2499999999999977e-06,40970.0,41065.0,127.45000000000005,"Yunus A. Çengel and Michael A. Boles, Thermodynamics: An Engineering Approach, McGraw-Hill. Appendix 1, Table A-7. [https://www.slaythepe.com/uploads/7/2/3/9/72392189/appendix1_siunits_1.pdf]"
333.15,30000000.0,0.0010042,246140.0,276260.0,815.6,0.0,0.0,4.549999999999975e-06,41045.0,41180.0,120.40000000000003,"Yunus A. Çengel and Michael A. Boles, Thermodynamics: An Engineering Approach, McGraw-Hill. Appendix 1, Table A-7. [https://www.slaythepe.com/uploads/7/2/3/9/72392189/appendix1_siunits_1.pdf]"
353.15,30000000.0,0.0010155,328400.0,358860.0,1056.4,0.0,0.0,5.649999999999948e-06,41130.0,41300.0,114.14999999999998,"Yunus A. Çengel and Michael A. Boles, Thermodynamics: An Engineering Approach, McGraw-Hill. Appendix 1, Table A-7. [https://www.slaythepe.com/uploads/7/2/3/9/72392189/appendix1_siunits_1.pdf]"
373.15,30000000.0,0.001029,410870.0,441740.0,1284.7,0.0,0.0,6.7500000000000285e-06,41235.0,41440.0,108.64999999999998,"Yunus A. Çengel and Michael A. Boles, Thermodynamics: An Engineering Approach, McGraw-Hill. Appendix 1, Table A-7. [https://www.slaythepe.com/uploads/7/2/3/9/72392189/appendix1_siunits_1.pdf]"
393.15,30000000.0,0.0010445,493660.0,525000.0,1502.0,0.0,0.0,7.750000000000053e-06,41395.0,41630.0,103.89999999999998,"Yunus A. Çengel and Michael A. Boles, Thermodynamics: An Engineering Approach, McGraw-Hill. Appendix 1, Table A-7. [https://www.slaythepe.com/uploads/7/2/3/9/72392189/appendix1_siunits_1.pdf]"
413.15,30000000.0,0.0010623,576900.0,608760.0,1709.8,0.0,0.0,8.899999999999945e-06,41620.0,41880.0,99.80000000000007,"Yunus A. Çengel and Michael A. Boles, Thermodynamics: An Engineering Approach, McGraw-Hill. Appendix 1, Table A-7. [https://www.slaythepe.com/uploads/7/2/3/9/72392189/appendix1_siunits_1.pdf]"
433.15,30000000.0,0.0010823,660740.0,693210.0,1909.4,0.0,0.0,1.0000000000000026e-05,41920.0,42225.0,96.29999999999995,"Yunus A. Çengel and Michael A. Boles, Thermodynamics: An Engineering Approach, McGraw-Hill. Appendix 1, Table A-7. [https://www.slaythepe.com/uploads/7/2/3/9/72392189/appendix1_siunits_1.pdf]"
453.15,30000000.0,0.0011049,745400.0,778550.0,2102.0,0.0,0.0,1.1300000000000004e-05,42330.0,42670.0,93.40000000000009,"Yunus A. Çengel and Michael A. Boles, Thermodynamics: An Engineering Approach, McGraw-Hill. Appendix 1, Table A-7. [https://www.slaythepe.com/uploads/7/2/3/9/72392189/appendix1_siunits_1.pdf]"
473.15,30000000.0,0.0011304,831110.0,865020.0,2288.8,0.0,0.0,1.2749999999999958e-05,42855.0,43235.0,90.94999999999982,"Yunus A. Çengel and Michael A. Boles, Thermodynamics: An Engineering Approach, McGraw-Hill. Appendix 1, Table A-7. [https://www.slaythepe.com/uploads/7/2/3/9/72392189/appendix1_siunits_1.pdf]"
493.15,30000000.0,0.0011595,918150.0,952930.0,2470.7,0.0,0.0,1.4550000000000001e-05,43520.0,43955.0,89.20000000000005,"Yunus A. Çengel and Michael A. Boles, Thermodynamics: An Engineering Approach, McGraw-Hill. Appendix 1, Table A-7. [https://www.slaythepe.com/uploads/7/2/3/9/72392189/appendix1_siunits_1.pdf]"
513.15,30000000.0,0.0011927,1006900.0,1042700.0,2649.1,0.0,0.0,1.6600000000000078e-05,44375.0,44885.0,87.95000000000005,"Yunus A. Çengel and Michael A. Boles, Thermodynamics: An Engineering Approach, McGraw-Hill. Appendix 1, Table A-7. [https://www.slaythepe.com/uploads/7/2/3/9/72392189/appendix1_siunits_1.pdf]"
533.15,30000000.0,0.0012314,1097800.0,1134700.0,2825.0,0.0,0.0,1.93499999999999e-05,45450.0,46000.0,87.55000000000018,"Yunus A. Çengel and Michael A. Boles, Thermodynamics: An Engineering Approach, McGraw-Hill. Appendix 1, Table A-7. [https://www.slaythepe.com/uploads/7/2/3/9/72392189/appendix1_siunits_1.pdf]"
553.15,30000000.0,0.001277,1191500.0,1229800.0,3000.1000000000004,0.0,0.0,2.2800000000000012e-05,46850.0,47550.0,87.55000000000018,"Yunus A. Çengel and Michael A. Boles, Thermodynamics: An Engineering Approach, McGraw-Hill. Appendix 1, Table A-7. [https://www.slaythepe.com/uploads/7/2/3/9/72392189/appendix1_siunits_1.pdf]"
573.15,30000000.0,0.0013322,1288900.0,1328900.0,3176.1,0.0,0.0,2.760000000000002e-05,48700.0,49550.0,87.99999999999977,"Yunus A. Çengel and Michael A. Boles, Thermodynamics: An Engineering Approach, McGraw-Hill. Appendix 1, Table A-7. [https://www.slaythepe.com/uploads/7/2/3/9/72392189/appendix1_siunits_1.pdf]"
593.15,30000000.0,0.0014014,1391700.0,1433700.0,3355.7999999999997,0.0,0.0,3.4599999999999974e-05,51400.0,52400.0,89.84999999999991,"Yunus A. Çengel and Michael A. Boles, Thermodynamics: An Engineering Approach, McGraw-Hill. Appendix 1, Table A-7. [https://www.slaythepe.com/uploads/7/2/3/9/72392189/appendix1_siunits_1.pdf]"
613.15,30000000.0,0.0014932,1502400.0,1547100.0,3543.8,0.0,0.0,4.5900000000000086e-05,55350.0,56700.0,94.00000000000023,"Yunus A. Çengel and Michael A. Boles, Thermodynamics: An Engineering Approach, McGraw-Hill. Appendix 1, Table A-7. [https://www.slaythepe.com/uploads/7/2/3/9/72392189/appendix1_siunits_1.pdf]"
633.15,30000000.0,0.0016276,1626800.0,1675600.0,3749.8999999999996,0.0,0.0,6.720000000000001e-05,62200.0,64250.0,103.04999999999973,"Yunus A. Çengel and Michael A. Boles, Thermodynamics: An Engineering Approach, McGraw-Hill. Appendix 1, Table A-7. [https://www.slaythepe.com/uploads/7/2/3/9/72392189/appendix1_siunits_1.pdf]"
653.15,30000000.0,0.0018729,1782000.0,1838200.0,4002.6000000000004,0.0,0.0,0.00012264999999999997,77600.0,81300.0,126.35000000000036,"Yunus A. Çengel and Michael A. Boles, Thermodynamics: An Engineering Approach, McGraw-Hill. Appendix 1, Table A-7. [https://www.slaythepe.com/uploads/7/2/3/9/72392189/appendix1_siunits_1.pdf]"
273.15,50000000.0,0.0009767,290.0,49130.0,20001.0,0.0,0.0,1.899999999999992e-06,40320.0,40409.99999999999,7999.2,"Yunus A. Çengel and Michael A. Boles, Thermodynamics: An Engineering Approach, McGraw-Hill. Appendix 1, Table A-7. [https://www.slaythepe.com/uploads/7/2/3/9/72392189/appendix1_siunits_1.pdf]"
293.15,50000000.0,0.0009805,80930.0,129949.99999999999,284.5,0.0,0.0,1.899999999999992e-06,40320.0,40409.99999999999,134.14999999999998,"Yunus A. Çengel and Michael A. Boles, Thermodynamics: An Engineering Approach, McGraw-Hill. Appendix 1, Table A-7. [https://www.slaythepe.com/uploads/7/2/3/9/72392189/appendix1_siunits_1.pdf]"
313.15,50000000.0,0.0009872,161900.0,211250.0,552.8,0.0,0.0,3.349999999999946e-06,40485.0,40650.00000000001,126.35000000000002,"Yunus A. Çengel and Michael A. Boles, Thermodynamics: An Engineering Approach, McGraw-Hill. Appendix 1, Table A-7. [https://www.slaythepe.com/uploads/7/2/3/9/72392189/appendix1_siunits_1.pdf]"
333.15,50000000.0,0.0009962,243080.0,292880.0,805.5,0.0,0.0,4.500000000000055e-06,40590.0,40815.0,119.35000000000002,"Yunus A. Çengel and Michael A. Boles, Thermodynamics: An Engineering Approach, McGraw-Hill. Appendix 1, Table A-7. [https://www.slaythepe.com/uploads/7/2/3/9/72392189/appendix1_siunits_1.pdf]"
353.15,50000000.0,0.0010072,324420.0,374780.0,1044.2,0.0,0.0,5.499999999999971e-06,40670.0,40950.0,113.14999999999998,"Yunus A. Çengel and Michael A. Boles, Thermodynamics: An Engineering Approach, McGraw-Hill. Appendix 1, Table A-7. [https://www.slaythepe.com/uploads/7/2/3/9/72392189/appendix1_siunits_1.pdf]"
373.15,50000000.0,0.0010201,405940.0,456940.0,1270.5,0.0,0.0,6.449999999999967e-06,40760.0,41080.0,107.70000000000005,"Yunus A. Çengel and Michael A. Boles, Thermodynamics: An Engineering Approach, McGraw-Hill. Appendix 1, Table A-7. [https://www.slaythepe.com/uploads/7/2/3/9/72392189/appendix1_siunits_1.pdf]"
393.15,50000000.0,0.0010349,487690.0,539430.0,1485.9,0.0,0.0,7.4000000000000715e-06,40875.0,41245.0,102.84999999999991,"Yunus A. Çengel and Michael A. Boles, Thermodynamics: An Engineering Approach, McGraw-Hill. Appendix 1, Table A-7. [https://www.slaythepe.com/uploads/7/2/3/9/72392189/appendix1_siunits_1.pdf]"
413.15,50000000.0,0.0010517,569770.0,622360.0,1691.6,0.0,0.0,8.399999999999987e-06,41040.0,41465.0,98.65000000000009,"Yunus A. Çengel and Michael A. Boles, Thermodynamics: An Engineering Approach, McGraw-Hill. Appendix 1, Table A-7. [https://www.slaythepe.com/uploads/7/2/3/9/72392189/appendix1_siunits_1.pdf]"
433.15,50000000.0,0.0010704,652330.0,705850.0,1888.9,0.0,0.0,9.349999999999983e-06,41280.0,41745.0,95.04999999999995,"Yunus A. Çengel and Michael A. Boles, Thermodynamics: An Engineering Approach, McGraw-Hill. Appendix 1, Table A-7. [https://www.slaythepe.com/uploads/7/2/3/9/72392189/appendix1_siunits_1.pdf]"
453.15,50000000.0,0.0010914,735490.0,790060.0,2079.0,0.0,0.0,1.0499999999999984e-05,41580.0,42105.0,91.89999999999986,"Yunus A. Çengel and Michael A. Boles, Thermodynamics: An Engineering Approach, McGraw-Hill. Appendix 1, Table A-7. [https://www.slaythepe.com/uploads/7/2/3/9/72392189/appendix1_siunits_1.pdf]"
473.15,50000000.0,0.0011149,819450.0,875190.0,2262.7999999999997,0.0,0.0,1.1750000000000042e-05,41980.0,42565.0,89.29999999999995,"Yunus A. Çengel and Michael A. Boles, Thermodynamics: An Engineering Approach, McGraw-Hill. Appendix 1, Table A-7. [https://www.slaythepe.com/uploads/7/2/3/9/72392189/appendix1_siunits_1.pdf]"
493.15,50000000.0,0.0011412,904390.0,961450.0,2441.3999999999996,0.0,0.0,1.3149999999999967e-05,42470.0,43130.0,87.10000000000036,"Yunus A. Çengel and Michael A. Boles, Thermodynamics: An Engineering Approach, McGraw-Hill. Appendix 1, Table A-7. [https://www.slaythepe.com/uploads/7/2/3/9/72392189/appendix1_siunits_1.pdf]"
513.15,50000000.0,0.0011708,990550.0,1049100.0,2615.6000000000004,0.0,0.0,1.4800000000000034e-05,43080.0,43825.0,85.39999999999986,"Yunus A. Çengel and Michael A. Boles, Thermodynamics: An Engineering Approach, McGraw-Hill. Appendix 1, Table A-7. [https://www.slaythepe.com/uploads/7/2/3/9/72392189/appendix1_siunits_1.pdf]"
533.15,50000000.0,0.0012044,1078200.0,1138400.0,2786.4,0.0,0.0,1.6799999999999975e-05,43825.0,44650.0,84.14999999999986,"Yunus A. Çengel and Michael A. Boles, Thermodynamics: An Engineering Approach, McGraw-Hill. Appendix 1, Table A-7. [https://www.slaythepe.com/uploads/7/2/3/9/72392189/appendix1_siunits_1.pdf]"
553.15,50000000.0,0.001243,1167700.0,1229900.0,2954.7,0.0,0.0,1.929999999999998e-05,44750.0,45750.0,83.54999999999995,"Yunus A. Çengel and Michael A. Boles, Thermodynamics: An Engineering Approach, McGraw-Hill. Appendix 1, Table A-7. [https://www.slaythepe.com/uploads/7/2/3/9/72392189/appendix1_siunits_1.pdf]"
573.15,50000000.0,0.0012879,1259600.0,1324000.0,3121.7999999999997,0.0,0.0,2.245000000000003e-05,45950.0,47050.0,83.50000000000023,"Yunus A. Çengel and Michael A. Boles, Thermodynamics: An Engineering Approach, McGraw-Hill. Appendix 1, Table A-7. [https://www.slaythepe.com/uploads/7/2/3/9/72392189/appendix1_siunits_1.pdf]"
593.15,50000000.0,0.0013409,1354300.0,1421400.0,3288.8,0.0,0.0,2.649999999999994e-05,47350.0,48700.0,83.50000000000023,"Yunus A. Çengel and Michael A. Boles, Thermodynamics: An Engineering Approach, McGraw-Hill. Appendix 1, Table A-7. [https://www.slaythepe.com/uploads/7/2/3/9/72392189/appendix1_siunits_1.pdf]"
613.15,50000000.0,0.0014049,1452900.0,1523100.0,3457.5,0.0,0.0,3.200000000000002e-05,49300.0,50850.0,84.34999999999991,"Yunus A. Çengel and Michael A. Boles, Thermodynamics: An Engineering Approach, McGraw-Hill. Appendix 1, Table A-7. [https://www.slaythepe.com/uploads/7/2/3/9/72392189/appendix1_siunits_1.pdf]"
633.15,50000000.0,0.0014848,1556500.0,1630700.0,3630.1,0.0,0.0,3.9950000000000077e-05,51800.0,53800.0,86.29999999999995,"Yunus A. Çengel and Michael A. Boles, Thermodynamics: An Engineering Approach, McGraw-Hill. Appendix 1, Table A-7. [https://www.slaythepe.com/uploads/7/2/3/9/72392189/appendix1_siunits_1.pdf]"
653.15,50000000.0,0.0015884,1667100.0,1746500.0,3810.2,0.0,0.0,5.179999999999996e-05,55300.0,57900.0,90.04999999999995,"Yunus A. Çengel and Michael A. Boles, Thermodynamics: An Engineering Approach, McGraw-Hill. Appendix 1, Table A-7. [https://www.slaythepe.com/uploads/7/2/3/9/72392189/appendix1_siunits_1.pdf]"
514.838888888889,3447378.6465841816,0.0012329522213788558,1041303.8254589688,1045560.4060535673,2717.2335795683684,0.0,0.0,0.00011723970996199945,520640.2827278598,521047.3327847203,1358.59585578126,"Yunus A. Çengel and Michael A. Boles, Thermodynamics: An Engineering Approach, McGraw-Hill. Appendix 1, Table A-7E. [https://www.slaythepe.com/uploads/7/2/3/9/72392189/appendix1_englishunits_1.pdf]"
273.15000000000003,3447378.6465841816,0.000998472801454857,23.26000324917282,3465.74048412675,0.04186800584851107,0.0,0.0,1.248559211520974e-07,20957.26292750471,20957.26292750471,75.36241052731992,"Yunus A. Çengel and Michael A. Boles, Thermodynamics: An Engineering Approach, McGraw-Hill. Appendix 1, Table A-7E. [https://www.slaythepe.com/uploads/7/2/3/9/72392189/appendix1_englishunits_1.pdf]"
283.15000000000003,3447378.6465841816,0.0009987225132971611,41937.7858582586,45380.26633913617,150.76668906048835,0.0,0.0,1.248559211520974e-07,20957.26292750471,20957.26292750471,75.36241052731992,"Yunus A. Çengel and Michael A. Boles, Thermodynamics: An Engineering Approach, McGraw-Hill. Appendix 1, Table A-7E. [https://www.slaythepe.com/uploads/7/2/3/9/72392189/appendix1_englishunits_1.pdf]"
310.9277777777778,3447378.6465841816,0.0010055271609999612,157842.38204888673,161308.1225330135,541.353315621248,0.0,0.0,3.4023238514000213e-06,57952.298095314065,57963.92809693866,178.60891294974823,"Yunus A. Çengel and Michael A. Boles, Thermodynamics: An Engineering Approach, McGraw-Hill. Appendix 1, Table A-7E. [https://www.slaythepe.com/uploads/7/2/3/9/72392189/appendix1_englishunits_1.pdf]"
338.7055555555556,3447378.6465841816,0.0010186370327209516,273770.2382427641,277282.49873338913,898.5711415207445,0.0,0.0,6.554935860495197e-06,57963.928096938675,57987.18810018782,165.10648106360338,"Yunus A. Çengel and Michael A. Boles, Thermodynamics: An Engineering Approach, McGraw-Hill. Appendix 1, Table A-7E. [https://www.slaythepe.com/uploads/7/2/3/9/72392189/appendix1_englishunits_1.pdf]"
366.48333333333335,3447378.6465841816,0.0010367411412880335,390070.2544886281,393652.29498900083,1228.7841036479513,0.0,0.0,9.05205428354094e-06,58150.00812293202,58184.89812780585,154.05332751959645,"Yunus A. Çengel and Michael A. Boles, Thermodynamics: An Engineering Approach, McGraw-Hill. Appendix 1, Table A-7E. [https://www.slaythepe.com/uploads/7/2/3/9/72392189/appendix1_englishunits_1.pdf]"
394.2611111111111,3447378.6465841816,0.0010595273468983262,507161.1108449641,510812.9313550843,1536.8907586871442,0.0,0.0,1.1393102805146399e-05,58545.42817816799,58580.31818304173,145.13544227386365,"Yunus A. Çengel and Michael A. Boles, Thermodynamics: An Engineering Approach, McGraw-Hill. Appendix 1, Table A-7E. [https://www.slaythepe.com/uploads/7/2/3/9/72392189/appendix1_englishunits_1.pdf]"
422.0388888888889,3447378.6465841816,0.0010873077893547105,625508.0073767555,629252.8678998722,1827.1616432348715,0.0,0.0,1.3890221228192142e-05,59173.448265895684,59219.96827239398,138.14348529716221,"Yunus A. Çengel and Michael A. Boles, Thermodynamics: An Engineering Approach, McGraw-Hill. Appendix 1, Table A-7E. [https://www.slaythepe.com/uploads/7/2/3/9/72392189/appendix1_englishunits_1.pdf]"
449.8166666666667,3447378.6465841816,0.0011208316041841002,745808.7441814772,749669.9047208399,2103.448613829196,0.0,0.0,1.6761907414694827e-05,60150.36840236088,60208.51841048384,133.03558858364386,"Yunus A. Çengel and Michael A. Boles, Thermodynamics: An Engineering Approach, McGraw-Hill. Appendix 1, Table A-7E. [https://www.slaythepe.com/uploads/7/2/3/9/72392189/appendix1_englishunits_1.pdf]"
477.59444444444443,3447378.6465841816,0.0011617219183614749,869016.9813923457,873017.7019512034,2369.5197909964836,0.0,0.0,2.044515708868734e-05,61604.118605434254,61673.89861518174,129.93735615085416,"Yunus A. Çengel and Michael A. Boles, Thermodynamics: An Engineering Approach, McGraw-Hill. Appendix 1, Table A-7E. [https://www.slaythepe.com/uploads/7/2/3/9/72392189/appendix1_englishunits_1.pdf]"
505.37222222222226,3447378.6465841816,0.0012126631341916089,996551.5792075603,1000738.3797924113,2629.394503298192,0.0,0.0,2.5470607915067012e-05,63767.29890760727,63860.33892060397,129.93735615085416,"Yunus A. Çengel and Michael A. Boles, Thermodynamics: An Engineering Approach, McGraw-Hill. Appendix 1, Table A-7E. [https://www.slaythepe.com/uploads/7/2/3/9/72392189/appendix1_englishunits_1.pdf]"
557.9555555555555,6894757.293168363,0.0013481318086418427,1252737.2549939498,1262017.9962903697,3112.5094227841614,0.0,0.0,6.773433722511693e-05,128092.83789319475,130639.80824897916,241.55745974298475,"Yunus A. Çengel and Michael A. Boles, Thermodynamics: An Engineering Approach, McGraw-Hill. Appendix 1, Table A-7E. [https://www.slaythepe.com/uploads/7/2/3/9/72392189/appendix1_englishunits_1.pdf]"
273.15000000000003,6894757.293168363,0.0009967248185587248,69.78000974751845,6954.740971502673,0.20934002924255535,0.0,0.0,1.8728388172836296e-07,20887.48291775719,20887.482917757192,75.11120249222884,"Yunus A. Çengel and Michael A. Boles, Thermodynamics: An Engineering Approach, McGraw-Hill. Appendix 1, Table A-7E. [https://www.slaythepe.com/uploads/7/2/3/9/72392189/appendix1_englishunits_1.pdf]"
283.15000000000003,6894757.293168363,0.0009970993863221815,41844.745845261896,48729.70680701706,150.43174501370024,0.0,0.0,1.8728388172836296e-07,20887.48291775719,20887.482917757192,75.11120249222884,"Yunus A. Çengel and Michael A. Boles, Thermodynamics: An Engineering Approach, McGraw-Hill. Appendix 1, Table A-7E. [https://www.slaythepe.com/uploads/7/2/3/9/72392189/appendix1_englishunits_1.pdf]"
310.9277777777778,6894757.293168363,0.0010040288899461336,157446.9619936508,164378.4429619043,540.0554074399442,0.0,0.0,3.46475181197607e-06,57801.108074194446,57824.36807744362,178.29490290588433,"Yunus A. Çengel and Michael A. Boles, Thermodynamics: An Engineering Approach, McGraw-Hill. Appendix 1, Table A-7E. [https://www.slaythepe.com/uploads/7/2/3/9/72392189/appendix1_englishunits_1.pdf]"
338.7055555555556,6894757.293168363,0.0010170763337065479,273118.9581517872,280120.2191297883,896.6452132517129,0.0,0.0,6.523721880207119e-06,57835.99807906822,57870.88808394199,164.8134050226638,"Yunus A. Çengel and Michael A. Boles, Thermodynamics: An Engineering Approach, McGraw-Hill. Appendix 1, Table A-7E. [https://www.slaythepe.com/uploads/7/2/3/9/72392189/appendix1_englishunits_1.pdf]"
366.48333333333335,6894757.293168363,0.0010350555863524776,389163.11436191044,396303.93535940646,1226.2720232970405,0.0,0.0,8.989626322964892e-06,58022.078105061606,58091.85811480909,153.76025147865698,"Yunus A. Çengel and Michael A. Boles, Thermodynamics: An Engineering Approach, McGraw-Hill. Appendix 1, Table A-7E. [https://www.slaythepe.com/uploads/7/2/3/9/72392189/appendix1_englishunits_1.pdf]"
394.2611111111111,6894757.293168363,0.0010575920801204658,505928.330672758,513231.97169299825,1533.7925262543545,0.0,0.0,1.1268246883994085e-05,58382.608155423775,58464.0181667959,144.80049822707554,"Yunus A. Çengel and Michael A. Boles, Thermodynamics: An Engineering Approach, McGraw-Hill. Appendix 1, Table A-7E. [https://www.slaythepe.com/uploads/7/2/3/9/72392189/appendix1_englishunits_1.pdf]"
422.0388888888889,6894757.293168363,0.0010849979548133932,623926.3271558117,631416.0482020453,1823.3935227085055,0.0,0.0,1.370293734646367e-05,58998.99824152686,59092.038254523504,137.76667324452558,"Yunus A. Çengel and Michael A. Boles, Thermodynamics: An Engineering Approach, McGraw-Hill. Appendix 1, Table A-7E. [https://www.slaythepe.com/uploads/7/2/3/9/72392189/appendix1_englishunits_1.pdf]"
449.8166666666667,6894757.293168363,0.0011180847739187497,743785.1238987992,751484.1849742754,2098.9268691975567,0.0,0.0,1.6543409552678278e-05,59929.398371493735,60034.068386115076,132.53317251346175,"Yunus A. Çengel and Michael A. Boles, Thermodynamics: An Engineering Approach, McGraw-Hill. Appendix 1, Table A-7E. [https://www.slaythepe.com/uploads/7/2/3/9/72392189/appendix1_englishunits_1.pdf]"
477.59444444444443,6894757.293168363,0.0011581635246086346,866388.6010251892,874366.7821396554,2363.99321422448,0.0,0.0,2.0039375344942426e-05,61301.73856319499,61441.29858269001,129.20466604850503,"Yunus A. Çengel and Michael A. Boles, Thermodynamics: An Engineering Approach, McGraw-Hill. Appendix 1, Table A-7E. [https://www.slaythepe.com/uploads/7/2/3/9/72392189/appendix1_englishunits_1.pdf]"
505.37222222222226,6894757.293168363,0.0012077937532666695,993039.3187169351,1001366.399880139,2622.4025463214903,0.0,0.0,2.481511432901747e-05,63325.35884587298,63499.8088702418,128.30450392276248,"Yunus A. Çengel and Michael A. Boles, Thermodynamics: An Engineering Approach, McGraw-Hill. Appendix 1, Table A-7E. [https://www.slaythepe.com/uploads/7/2/3/9/72392189/appendix1_englishunits_1.pdf]"
533.15,6894757.293168363,0.0012715327010149133,1125853.9372697119,1134622.9584946502,2879.011554167015,0.0,0.0,3.1869473874121925e-05,66407.30927638838,66628.27930725558,128.30450392276248,"Yunus A. Çengel and Michael A. Boles, Thermodynamics: An Engineering Approach, McGraw-Hill. Appendix 1, Table A-7E. [https://www.slaythepe.com/uploads/7/2/3/9/72392189/appendix1_englishunits_1.pdf]"
586.6277777777779,10342135.939752545,0.001464310243274048,1407393.0165976998,1422535.2787129113,3384.4421207702403,0.0,0.0,9.63887711295673e-05,140769.539663994,143956.16010913055,252.71528330161254,"Yunus A. Çengel and Michael A. Boles, Thermodynamics: An Engineering Approach, McGraw-Hill. Appendix 1, Table A-7E. [https://www.slaythepe.com/uploads/7/2/3/9/72392189/appendix1_englishunits_1.pdf]"
273.15000000000003,10342135.939752545,0.0009950392636231687,116.3000162458641,10420.481455629424,0.33494404678808853,0.0,0.0,2.1849786201644152e-07,20817.702908009673,20817.702908009673,74.85999445713779,"Yunus A. Çengel and Michael A. Boles, Thermodynamics: An Engineering Approach, McGraw-Hill. Appendix 1, Table A-7E. [https://www.slaythepe.com/uploads/7/2/3/9/72392189/appendix1_englishunits_1.pdf]"
283.15000000000003,10342135.939752545,0.0009954762593472016,41751.70583226521,52055.88727164877,150.05493296106366,0.0,0.0,2.1849786201644152e-07,20817.702908009673,20817.702908009673,74.85999445713779,"Yunus A. Çengel and Michael A. Boles, Thermodynamics: An Engineering Approach, McGraw-Hill. Appendix 1, Table A-7E. [https://www.slaythepe.com/uploads/7/2/3/9/72392189/appendix1_englishunits_1.pdf]"
310.9277777777778,10342135.939752545,0.0010025306188923063,157074.80194166405,167425.50338754596,538.7993672644889,0.0,0.0,3.5271797725523356e-06,57661.54805469942,57684.8080579486,177.939024856172,"Yunus A. Çengel and Michael A. Boles, Thermodynamics: An Engineering Approach, McGraw-Hill. Appendix 1, Table A-7E. [https://www.slaythepe.com/uploads/7/2/3/9/72392189/appendix1_englishunits_1.pdf]"
338.7055555555556,10342135.939752545,0.0010155156346921441,272467.6780608104,282981.19952943653,894.6774169768329,0.0,0.0,6.492507899918932e-06,57696.43805957316,57777.848070945285,164.54126298464854,"Yunus A. Çengel and Michael A. Boles, Thermodynamics: An Engineering Approach, McGraw-Hill. Appendix 1, Table A-7E. [https://www.slaythepe.com/uploads/7/2/3/9/72392189/appendix1_englishunits_1.pdf]"
366.48333333333335,10342135.939752545,0.0010333700314169214,388255.97423519264,398955.5757298122,1223.75994294613,0.0,0.0,8.927198362388626e-06,57894.14808719113,57987.188100187836,153.4671754377173,"Yunus A. Çengel and Michael A. Boles, Thermodynamics: An Engineering Approach, McGraw-Hill. Appendix 1, Table A-7E. [https://www.slaythepe.com/uploads/7/2/3/9/72392189/appendix1_englishunits_1.pdf]"
394.2611111111111,10342135.939752545,0.0010557192413031813,504742.07050705014,515651.0120309122,1530.6942938215645,0.0,0.0,1.1174604943129957e-05,58243.04813592875,58347.718150550005,144.50742218613595,"Yunus A. Çengel and Michael A. Boles, Thermodynamics: An Engineering Approach, McGraw-Hill. Appendix 1, Table A-7E. [https://www.slaythepe.com/uploads/7/2/3/9/72392189/appendix1_englishunits_1.pdf]"
422.0388888888889,10342135.939752545,0.001082812976193228,622367.9069381171,633579.2285042184,1819.7091381938365,0.0,0.0,1.3546867445023386e-05,58812.918215533486,58964.10823665309,137.36892718896468,"Yunus A. Çengel and Michael A. Boles, Thermodynamics: An Engineering Approach, McGraw-Hill. Appendix 1, Table A-7E. [https://www.slaythepe.com/uploads/7/2/3/9/72392189/appendix1_englishunits_1.pdf]"
449.8166666666667,10342135.939752545,0.0011153379436533994,741784.7636193704,753321.7252309601,2094.446992571766,0.0,0.0,1.626248373008568e-05,59708.42834062665,59871.24836337083,132.05169044620402,"Yunus A. Çengel and Michael A. Boles, Thermodynamics: An Engineering Approach, McGraw-Hill. Appendix 1, Table A-7E. [https://www.slaythepe.com/uploads/7/2/3/9/72392189/appendix1_englishunits_1.pdf]"
477.59444444444443,10342135.939752545,0.0011546675588163704,863806.740664531,875762.3823346058,2358.550373464174,0.0,0.0,1.9664807581485483e-05,61010.9885225803,61220.328551822866,128.5138439520049,"Yunus A. Çengel and Michael A. Boles, Thermodynamics: An Engineering Approach, McGraw-Hill. Appendix 1, Table A-7E. [https://www.slaythepe.com/uploads/7/2/3/9/72392189/appendix1_englishunits_1.pdf]"
505.37222222222226,10342135.939752545,0.0012030492282628826,989643.358242556,1002087.4599808634,2615.5780613681836,0.0,0.0,2.4190834723256116e-05,62918.30878901249,63162.538823128794,127.2368697736249,"Yunus A. Çengel and Michael A. Boles, Thermodynamics: An Engineering Approach, McGraw-Hill. Appendix 1, Table A-7E. [https://www.slaythepe.com/uploads/7/2/3/9/72392189/appendix1_englishunits_1.pdf]"
533.15,10342135.939752545,0.0012646656253515374,1121155.416613379,1134227.5384394142,2870.0518009154334,0.0,0.0,3.080819854432736e-05,65756.02918541152,66070.03922927543,127.2368697736249,"Yunus A. Çengel and Michael A. Boles, Thermodynamics: An Engineering Approach, McGraw-Hill. Appendix 1, Table A-7E. [https://www.slaythepe.com/uploads/7/2/3/9/72392189/appendix1_englishunits_1.pdf]"
560.9277777777778,10342135.939752545,0.0013481318086418427,1261855.1762676255,1275811.178217129,3128.8379450650805,0.0,0.0,4.173309164515269e-05,70349.87982712325,70791.81988885743,129.39307207482352,"Yunus A. Çengel and Michael A. Boles, Thermodynamics: An Engineering Approach, McGraw-Hill. Appendix 1, Table A-7E. [https://www.slaythepe.com/uploads/7/2/3/9/72392189/appendix1_englishunits_1.pdf]"
608.6222222222223,13789514.586336726,0.0016002783414088909,1540579.7952024634,1562653.5382859285,3610.026936282018,0.0,0.0,0.00012607326638352406,139362.30946741893,143421.18003439973,240.59449560846883,"Yunus A. Çengel and Michael A. Boles, Thermodynamics: An Engineering Approach, McGraw-Hill. Appendix 1, Table A-7E. [https://www.slaythepe.com/uploads/7/2/3/9/72392189/appendix1_englishunits_1.pdf]"
273.15000000000003,13789514.586336726,0.000993353708687613,162.82002274420975,13862.961936507,0.4186800584851107,0.0,0.0,2.8092582259270707e-07,20747.922898262157,20747.922898262157,74.60878642204672,"Yunus A. Çengel and Michael A. Boles, Thermodynamics: An Engineering Approach, McGraw-Hill. Appendix 1, Table A-7E. [https://www.slaythepe.com/uploads/7/2/3/9/72392189/appendix1_englishunits_1.pdf]"
283.15000000000003,13789514.586336726,0.0009939155603327983,41658.66581926852,55358.80773303131,149.63625290257855,0.0,0.0,2.8092582259270707e-07,20747.922898262157,20747.922898262157,74.60878642204672,"Yunus A. Çengel and Michael A. Boles, Thermodynamics: An Engineering Approach, McGraw-Hill. Appendix 1, Table A-7E. [https://www.slaythepe.com/uploads/7/2/3/9/72392189/appendix1_englishunits_1.pdf]"
310.9277777777778,13789514.586336726,0.0010010323478384787,156679.3818864281,170495.82381643675,537.5014590831851,0.0,0.0,3.5583937528401973e-06,57510.35803357979,57568.50804170272,193.93260309030325,"Yunus A. Çengel and Michael A. Boles, Thermodynamics: An Engineering Approach, McGraw-Hill. Appendix 1, Table A-7E. [https://www.slaythepe.com/uploads/7/2/3/9/72392189/appendix1_englishunits_1.pdf]"
366.48333333333335,13789514.586336726,0.0010317469044419417,387372.0941117241,401607.2161002179,1221.289730601068,0.0,0.0,1.535727830173151e-05,115346.356112648,115555.69614189057,297.38844554197397,"Yunus A. Çengel and Michael A. Boles, Thermodynamics: An Engineering Approach, McGraw-Hill. Appendix 1, Table A-7E. [https://www.slaythepe.com/uploads/7/2/3/9/72392189/appendix1_englishunits_1.pdf]"
422.0388888888889,13789514.586336726,0.001080627997573063,620856.006726921,635765.6688096406,1816.066621685016,0.0,0.0,2.4440546565560636e-05,116741.95630759842,117079.22635471134,268.56232351527433,"Yunus A. Çengel and Michael A. Boles, Thermodynamics: An Engineering Approach, McGraw-Hill. Appendix 1, Table A-7E. [https://www.slaythepe.com/uploads/7/2/3/9/72392189/appendix1_englishunits_1.pdf]"
477.59444444444443,13789514.586336726,0.0011512964489452588,861317.9203168695,877181.2425328053,2353.1912687155645,0.0,0.0,2.3628983078070702e-05,62522.88873377652,62848.528779265005,127.88582386427697,"Yunus A. Çengel and Michael A. Boles, Thermodynamics: An Engineering Approach, McGraw-Hill. Appendix 1, Table A-7E. [https://www.slaythepe.com/uploads/7/2/3/9/72392189/appendix1_englishunits_1.pdf]"
505.37222222222226,13789514.586336726,0.0011985544151014002,986363.6977844225,1002878.3000913353,2608.9629164441185,0.0,0.0,2.3628983078070702e-05,62522.88873377652,62848.528779265005,126.27390563910922,"Yunus A. Çengel and Michael A. Boles, Thermodynamics: An Engineering Approach, McGraw-Hill. Appendix 1, Table A-7E. [https://www.slaythepe.com/uploads/7/2/3/9/72392189/appendix1_englishunits_1.pdf]"
533.15,13789514.586336726,0.0012581731174516181,1116666.2359862886,1134018.1984101715,2861.510727722337,0.0,0.0,2.9809351175108956e-05,65151.269100933045,65569.94915941812,126.27390563910922,"Yunus A. Çengel and Michael A. Boles, Thermodynamics: An Engineering Approach, McGraw-Hill. Appendix 1, Table A-7E. [https://www.slaythepe.com/uploads/7/2/3/9/72392189/appendix1_englishunits_1.pdf]"
566.4833333333333,13789514.586336726,0.0013571214349648076,1284440.6394225722,1303164.9420381563,3169.0730986854996,0.0,0.0,4.9255660894578e-05,62290.28870128479,62964.82879551081,108.98241922367424,"Yunus A. Çengel and Michael A. Boles, Thermodynamics: An Engineering Approach, McGraw-Hill. Appendix 1, Table A-7E. [https://www.slaythepe.com/uploads/7/2/3/9/72392189/appendix1_englishunits_1.pdf]"
588.7055555555556,13789514.586336726,0.0014556327567539636,1409021.2168251418,1429094.599629178,3387.037937132848,0.0,0.0,4.9255660894578e-05,62290.28870128479,62964.82879551081,108.98241922367424,"Yunus A. Çengel and Michael A. Boles, Thermodynamics: An Engineering Approach, McGraw-Hill. Appendix 1, Table A-7E. [https://www.slaythepe.com/uploads/7/2/3/9/72392189/appendix1_englishunits_1.pdf]"
641.7111111111111,20684271.87950509,0.0021434640263819247,1822165.3945369495,1866498.960729873,4074.6361971829456,0.0,0.0,0.00034391563481398055,206572.08885590383,218702.18055034755,343.7991300250487,"Yunus A. Çengel and Michael A. Boles, Thermodynamics: An Engineering Approach, McGraw-Hill. Appendix 1, Table A-7E. [https://www.slaythepe.com/uploads/7/2/3/9/72392189/appendix1_englishunits_1.pdf]"
273.15000000000003,20684271.87950509,0.0009900450267770772,232.6000324917282,20701.40289176381,0.4605480643336217,0.0,0.0,3.433537831687558e-07,20619.992880391703,20631.622882016287,74.16917236063736,"Yunus A. Çengel and Michael A. Boles, Thermodynamics: An Engineering Approach, McGraw-Hill. Appendix 1, Table A-7E. [https://www.slaythepe.com/uploads/7/2/3/9/72392189/appendix1_englishunits_1.pdf]"
283.15000000000003,20684271.87950509,0.0009907317343434148,41472.58579327513,61964.64865579639,148.79889278560833,0.0,0.0,3.433537831687558e-07,20619.992880391703,20631.622882016287,74.16917236063736,"Yunus A. Çengel and Michael A. Boles, Thermodynamics: An Engineering Approach, McGraw-Hill. Appendix 1, Table A-7E. [https://www.slaythepe.com/uploads/7/2/3/9/72392189/appendix1_englishunits_1.pdf]"
310.9277777777778,20684271.87950509,0.0009980982336913998,155935.0617824546,176566.68466447087,534.9056427205775,0.0,0.0,3.6832496739925115e-06,57231.23799458974,57301.01800433724,193.05337496748456,"Yunus A. Çengel and Michael A. Boles, Thermodynamics: An Engineering Approach, McGraw-Hill. Appendix 1, Table A-7E. [https://www.slaythepe.com/uploads/7/2/3/9/72392189/appendix1_englishunits_1.pdf]"
366.48333333333335,20684271.87950509,0.0010285006504919822,385627.5938680362,406910.49684102926,1216.391173916792,0.0,0.0,1.5201208400291225e-05,114846.26604279078,115171.9060882792,296.23707538114,"Yunus A. Çengel and Michael A. Boles, Thermodynamics: An Engineering Approach, McGraw-Hill. Appendix 1, Table A-7E. [https://www.slaythepe.com/uploads/7/2/3/9/72392189/appendix1_englishunits_1.pdf]"
422.0388888888889,20684271.87950509,0.0010763828962538852,617901.9863142759,640161.8094237344,1808.865324679072,0.0,0.0,2.3941122880951488e-05,116137.19622311986,116625.65629135258,267.01320729887937,"Yunus A. Çengel and Michael A. Boles, Thermodynamics: An Engineering Approach, McGraw-Hill. Appendix 1, Table A-7E. [https://www.slaythepe.com/uploads/7/2/3/9/72392189/appendix1_englishunits_1.pdf]"
477.59444444444443,20684271.87950509,0.0011448039410453398,856479.8396410416,880181.7829519487,2342.891739276831,0.0,0.0,2.2598921728564326e-05,61801.82863305218,62255.39869641099,126.67165169467012,"Yunus A. Çengel and Michael A. Boles, Thermodynamics: An Engineering Approach, McGraw-Hill. Appendix 1, Table A-7E. [https://www.slaythepe.com/uploads/7/2/3/9/72392189/appendix1_englishunits_1.pdf]"
505.37222222222226,20684271.87950509,0.0011900017845024684,980083.496907146,1004692.5803447707,2596.235042666171,0.0,0.0,2.2598921728564326e-05,61801.82863305218,62255.39869641099,124.51544939347195,"Yunus A. Çengel and Michael A. Boles, Thermodynamics: An Engineering Approach, McGraw-Hill. Appendix 1, Table A-7E. [https://www.slaythepe.com/uploads/7/2/3/9/72392189/appendix1_englishunits_1.pdf]"
533.15,20684271.87950509,0.0012460620930998462,1108222.854806839,1133994.9384069224,2845.265941453115,0.0,0.0,2.8030154298688912e-05,64069.67894984654,64651.17903107585,124.51544939347195,"Yunus A. Çengel and Michael A. Boles, Thermodynamics: An Engineering Approach, McGraw-Hill. Appendix 1, Table A-7E. [https://www.slaythepe.com/uploads/7/2/3/9/72392189/appendix1_englishunits_1.pdf]"
566.4833333333333,20684271.87950509,0.0013362704961323753,1271368.5175965372,1299001.4014565544,3145.3758073752424,0.0,0.0,4.226372931004992e-05,59115.29825777258,59999.178381241276,103.83265450430736,"Yunus A. Çengel and Michael A. Boles, Thermodynamics: An Engineering Approach, McGraw-Hill. Appendix 1, Table A-7E. [https://www.slaythepe.com/uploads/7/2/3/9/72392189/appendix1_englishunits_1.pdf]"
588.7055555555556,20684271.87950509,0.0014207979547524751,1389599.1141120824,1418999.758219037,3353.041116383857,0.0,0.0,4.226372931004992e-05,59115.29825777258,59999.178381241276,103.83265450430736,"Yunus A. Çengel and Michael A. Boles, Thermodynamics: An Engineering Approach, McGraw-Hill. Appendix 1, Table A-7E. [https://www.slaythepe.com/uploads/7/2/3/9/72392189/appendix1_englishunits_1.pdf]"
610.9277777777778,20684271.87950509,0.001546028443668221,1522413.7326648594,1554396.237132472,3578.7096679073315,0.0,0.0,6.261524445787291e-05,66407.30927638849,67698.2394567175,112.83427576173722,"Yunus A. Çengel and Michael A. Boles, Thermodynamics: An Engineering Approach, McGraw-Hill. Appendix 1, Table A-7E. [https://www.slaythepe.com/uploads/7/2/3/9/72392189/appendix1_englishunits_1.pdf]"
633.15,20684271.87950509,0.0017992362517650635,1694793.6167444792,1732032.8819464047,3863.9145237473895,0.0,0.0,0.00012660390404842128,86189.94203980989,88818.32240696636,142.60242792002896,"Yunus A. Çengel and Michael A. Boles, Thermodynamics: An Engineering Approach, McGraw-Hill. Appendix 1, Table A-7E. [https://www.slaythepe.com/uploads/7/2/3/9/72392189/appendix1_englishunits_1.pdf]"
273.15000000000003,34473786.465841815,0.0009836149468377344,302.3800422392467,34215.46477953322,0.08373601169702213,0.0,0.0,5.306376648972272e-07,20375.76284627539,20399.022849524557,73.33181224366713,"Yunus A. Çengel and Michael A. Boles, Thermodynamics: An Engineering Approach, McGraw-Hill. Appendix 1, Table A-7E. [https://www.slaythepe.com/uploads/7/2/3/9/72392189/appendix1_englishunits_1.pdf]"
283.15000000000003,34473786.465841815,0.0009846762221675288,41053.90573479002,75013.51047858234,146.7473604990313,0.0,0.0,5.306376648972272e-07,20375.76284627539,20399.022849524557,73.33181224366713,"Yunus A. Çengel and Michael A. Boles, Thermodynamics: An Engineering Approach, McGraw-Hill. Appendix 1, Table A-7E. [https://www.slaythepe.com/uploads/7/2/3/9/72392189/appendix1_englishunits_1.pdf]"
310.9277777777778,34473786.465841815,0.0009924172892789708,154469.68157775668,188685.14635728992,529.714009995362,0.0,0.0,3.870533555720983e-06,56707.88792148333,56835.817939353794,191.48332474816533,"Yunus A. Çengel and Michael A. Boles, Thermodynamics: An Engineering Approach, McGraw-Hill. Appendix 1, Table A-7E. [https://www.slaythepe.com/uploads/7/2/3/9/72392189/appendix1_englishunits_1.pdf]"
366.48333333333335,34473786.465841815,0.0010222578544343678,382301.41340340447,417540.31832590123,1206.803400577483,0.0,0.0,1.4920282577698517e-05,113915.8659128239,114427.58598430565,294.12274108579027,"Yunus A. Çengel and Michael A. Boles, Thermodynamics: An Engineering Approach, McGraw-Hill. Appendix 1, Table A-7E. [https://www.slaythepe.com/uploads/7/2/3/9/72392189/appendix1_englishunits_1.pdf]"
422.0388888888889,34473786.465841815,0.0010682672613789863,612296.3255312253,649116.9106746658,1795.0488827490635,0.0,0.0,2.300470347230924e-05,114997.45606391042,115788.2961743823,264.1452488982561,"Yunus A. Çengel and Michael A. Boles, Thermodynamics: An Engineering Approach, McGraw-Hill. Appendix 1, Table A-7E. [https://www.slaythepe.com/uploads/7/2/3/9/72392189/appendix1_englishunits_1.pdf]"
477.59444444444443,34473786.465841815,0.0011327553446541438,847478.2183836118,886531.7638389728,2323.3393805455758,0.0,0.0,2.0819724852144173e-05,60534.15845597221,61243.588555072085,124.62011940809339,"Yunus A. Çengel and Michael A. Boles, Thermodynamics: An Engineering Approach, McGraw-Hill. Appendix 1, Table A-7E. [https://www.slaythepe.com/uploads/7/2/3/9/72392189/appendix1_englishunits_1.pdf]"
505.37222222222226,34473786.465841815,0.0011743947943584322,968546.5352955562,1009018.940949117,2572.5796193617625,0.0,0.0,2.0819724852144173e-05,60534.15845597221,61243.588555072085,121.60562298700052,"Yunus A. Çengel and Michael A. Boles, Thermodynamics: An Engineering Approach, McGraw-Hill. Appendix 1, Table A-7E. [https://www.slaythepe.com/uploads/7/2/3/9/72392189/appendix1_englishunits_1.pdf]"
533.15,34473786.465841815,0.001224836586503957,1093080.5926916273,1135320.7585921253,2815.7908653357636,0.0,0.0,2.5220896072762383e-05,62267.028698035574,63150.908821504156,121.60562298700052,"Yunus A. Çengel and Michael A. Boles, Thermodynamics: An Engineering Approach, McGraw-Hill. Appendix 1, Table A-7E. [https://www.slaythepe.com/uploads/7/2/3/9/72392189/appendix1_englishunits_1.pdf]"
566.4833333333333,34473786.465841815,0.0013023721135395287,1249248.2545065738,1294140.0607774772,3104.6801056904897,0.0,0.0,3.3742312691406205e-05,55056.427690792014,56219.42785325076,97.32217959486388,"Yunus A. Çengel and Michael A. Boles, Thermodynamics: An Engineering Approach, McGraw-Hill. Appendix 1, Table A-7E. [https://www.slaythepe.com/uploads/7/2/3/9/72392189/appendix1_englishunits_1.pdf]"
588.7055555555556,34473786.465841815,0.001369856738922341,1359361.1098881578,1406578.9164839787,3299.3244648802174,0.0,0.0,3.3742312691406205e-05,55056.427690792014,56219.42785325076,97.32217959486388,"Yunus A. Çengel and Michael A. Boles, Thermodynamics: An Engineering Approach, McGraw-Hill. Appendix 1, Table A-7E. [https://www.slaythepe.com/uploads/7/2/3/9/72392189/appendix1_englishunits_1.pdf]"
610.9277777777778,34473786.465841815,0.0014581923031375856,1476893.9063062281,1527158.7733276905,3500.290892953071,0.0,0.0,4.4167782107622277e-05,58766.398209035164,60289.928421855904,100.48321403642672,"Yunus A. Çengel and Michael A. Boles, Thermodynamics: An Engineering Approach, McGraw-Hill. Appendix 1, Table A-7E. [https://www.slaythepe.com/uploads/7/2/3/9/72392189/appendix1_englishunits_1.pdf]"
633.15,34473786.465841815,0.001583547647974484,1606498.644410619,1661089.8720364277,3715.5761790261145,0.0,0.0,4.404292618646996e-05,36180.93505408836,37704.4652669091,59.012954243476315,"Yunus A. Çengel and Michael A. Boles, Thermodynamics: An Engineering Approach, McGraw-Hill. Appendix 1, Table A-7E. [https://www.slaythepe.com/uploads/7/2/3/9/72392189/appendix1_englishunits_1.pdf]"
644.2611111111112,34473786.465841815,0.001671633500347424,1678860.5145187958,1736498.802570246,3833.602087513067,0.0,0.0,4.404292618646996e-05,36180.93505408836,37704.4652669091,59.012954243476315,"Yunus A. Çengel and Michael A. Boles, Thermodynamics: An Engineering Approach, McGraw-Hill. Appendix 1, Table A-7E. [https://www.slaythepe.com/uploads/7/2/3/9/72392189/appendix1_englishunits_1.pdf]"
